<?xml version="1.0" encoding="UTF-8"?>

<MultiPowUpload_parameters>    	
<!--Example of external propetries file-->
		<param name="listBackgroundColor">#454549</param>
		<param name="backgroundColor">#454549</param>
		<param name="textColor">#C0C0C0</param>
		<param name="buttonTextColor">#D6D6D6</param>
		<param name="buttonDisabledTextColor">#ACACAC</param>
		<param name="listTextColor">#C0C0C0</param> 
		<param name="customListTextInputTextColor">#C0C0C0</param>
		<param name="listTextSelectedColor">#C0C0C0</param> 
		<param name="listTextRollOverColor">#C0C0C0</param> 
		<param name="listRollOverColor">#6d6d73</param>
		<param name="listUpColor">#454549</param>
		<param name="listDownColor">#454549</param>
		<param name="listSelectedUpColor">#252527</param>
		<param name="listSelectedDownColor">#252527</param>
		<param name="listSelectedRollOverColor">#6d6d73</param>
		<param name="listUploadedColor">#438140</param>
		<param name="listUnuploadedColor">#814741</param>
		<param name="progressBarIndeterminateColor">#101720</param>
			
		<param name="button.up">button_image_n.png</param>
		<param name="button.down">button_image_p.png</param>
		<param name="button.over">button_image_h.png</param>
		<param name="button.disabled">button_image_d.png</param>
		<param name="button.selected">button_image_f.png</param>
			
		<param name="scrollTrack.up">scrollbars_track_n.png</param>
		<param name="scrollTrack.down">scrollbars_track_d.png</param>
			
		<param name="scrollThumb.up">scrollbars_thumb_n.png</param>
		<param name="scrollThumb.over">scrollbars_thumb_h.png</param>
		<param name="scrollThumb.down">scrollbars_thumb_p.png</param>
			
			
		<param name="scrollArrowDown.up">scrollbars_arrow_down_n.png</param>
		<param name="scrollArrowDown.over">scrollbars_arrow_down_h.png</param>
		<param name="scrollArrowDown.down">scrollbars_arrow_down_p.png</param>
			
		<param name="scrollArrowUp.up">scrollbars_arrow_up_n.png</param>
		<param name="scrollArrowUp.over">scrollbars_arrow_up_h.png</param>
		<param name="scrollArrowUp.down">scrollbars_arrow_up_p.png</param>
			
		<param name="progressBar">progressbar_item.png</param>
</MultiPowUpload_parameters>
