<?xml version="1.0" encoding="UTF-8"?>

<MultiPowUpload_parameters>    	
<!--Example of external propetries file-->
<param name="listBackgroundColor">#fefefe</param>
<param name="backgroundColor">#fefefe</param>
		<param name="textColor">#20304f</param>
		<param name="buttonTextColor">#20304f</param>
		<param name="buttonDisabledTextColor">#707996</param>
		<param name="listTextColor">#20304f</param> 
		<param name="customListTextInputTextColor">#20304f</param>
		<param name="listTextSelectedColor">#20304f</param> 
		<param name="listTextRollOverColor">#20304f</param> 
		<param name="progressBarIndeterminateColor">#00FF00</param> 	
		<!--<param name="listRollOverColor">#6d6d73</param>
		<param name="listUpColor">#454549</param>
		<param name="listDownColor">#454549</param>
		<param name="listSelectedUpColor">#252527</param>
		<param name="listSelectedDownColor">#252527</param>
		<param name="listSelectedRollOverColor">#6d6d73</param>-->
			
		<param name="button.up">button_image_n.png</param>
		<param name="button.down">button_image_p.png</param>
		<param name="button.over">button_image_h.png</param>
		<param name="button.disabled">button_image_d.png</param>
		<param name="button.selected">button_image_f.png</param>
			
		<param name="scrollTrack.up">scrollbars_track_n.png</param>
		<!--<param name="scrollTrack.down">scrollbars_track_d.png</param>-->
			
		<param name="scrollThumb.up">scrollbars_thumb_n.png</param>
		<param name="scrollThumb.over">scrollbars_thumb_h.png</param>
		<param name="scrollThumb.down">scrollbars_thumb_p.png</param>
			
			
		<param name="scrollArrowDown.up">scrollbars_arrow_down_n.png</param>
		<param name="scrollArrowDown.over">scrollbars_arrow_down_h.png</param>
		<param name="scrollArrowDown.down">scrollbars_arrow_down_p.png</param>
			
		<param name="scrollArrowUp.up">scrollbars_arrow_up_n.png</param>
		<param name="scrollArrowUp.over">scrollbars_arrow_up_h.png</param>
		<param name="scrollArrowUp.down">scrollbars_arrow_up_p.png</param>
			
		<param name="progressBar">progressbar_item.png</param>
</MultiPowUpload_parameters>
